Type,Name,Request Count,Failure Count,Median Response Time,Average Response Time,Min Response Time,Max Response Time,Average Content Size,Requests/s,Failures/s,50%,66%,75%,80%,90%,95%,98%,99%,99.9%,99.99%,100%
POST,/chat,1678,0,1000.0,1018.7292502479122,511.3326249993406,1546.3007090002066,326.3623361144219,5.607169301936551,0.0,1000,1200,1300,1300,1400,1500,1500,1500,1500,1500,1500
GET,/health,470,0,3,4.259222329153303,0.8625000045867637,72.50933301111218,42.0,1.5705420571574369,0.0,3,3,4,4,5,16,27,33,73,73,73
,Aggregated,2148,0,890.0,796.7548959081469,0.8625000045867637,1546.3007090002066,264.1415270018622,7.177711359093989,0.0,890,1100,1200,1300,1400,1500,1500,1500,1500,1500,1500
