Type,Name,Request Count,Failure Count,Median Response Time,Average Response Time,Min Response Time,Max Response Time,Average Content Size,Requests/s,Failures/s,50%,66%,75%,80%,90%,95%,98%,99%,99.9%,99.99%,100%
POST,/chat,1638,0,1000.0,1025.959955587918,505.97700000798795,1536.2773749948246,331.80280830280833,5.475581408281497,0.0,1000,1200,1300,1300,1400,1500,1500,1500,1500,1500,1500
GET,/health,490,0,3,4.539107396124805,0.79704201198183,102.89616699446924,42.0,1.6379944383748066,0.0,3,4,4,5,6,14,23,27,100,100,100
,Aggregated,2128,0,870.0,790.7643655437553,0.79704201198183,1536.2773749948246,265.0718984962406,7.113575846656302,0.0,880,1100,1200,1300,1400,1500,1500,1500,1500,1500,1500
