Type,Name,Request Count,Failure Count,Median Response Time,Average Response Time,Min Response Time,Max Response Time,Average Content Size,Requests/s,Failures/s,50%,66%,75%,80%,90%,95%,98%,99%,99.9%,99.99%,100%
POST,/chat,830,0,1000.0,1019.1254018227351,510.89249999495223,1578.3008340076776,335.0578313253012,14.033305996527744,0.0,1000,1200,1300,1300,1400,1500,1500,1500,1600,1600,1600
GET,/health,205,0,2,7.103885765749643,0.5587499908870086,115.00516699743457,42.0,3.466057505166491,0.0,2,4,5,6,17,35,56,75,120,120,120
,Aggregated,1035,0,890.0,818.6766957438152,0.5587499908870086,1578.3008340076776,277.0125603864734,17.499363501694233,0.0,890,1100,1200,1300,1400,1500,1500,1500,1500,1600,1600
