Type,Name,Request Count,Failure Count,Median Response Time,Average Response Time,Min Response Time,Max Response Time,Average Content Size,Requests/s,Failures/s,50%,66%,75%,80%,90%,95%,98%,99%,99.9%,99.99%,100%
POST,/chat,805,0,990.0,999.4500380048459,512.1133329957956,1547.8711250034394,327.00621118012424,13.624876824713782,0.0,990,1200,1200,1300,1400,1500,1500,1500,1500,1500,1500
GET,/health,224,0,2,7.881845428788178,0.7367919897660613,105.2847910032142,42.0,3.791270072963835,0.0,2,3,6,11,21,39,65,74,110,110,110
,Aggregated,1029,0,850.0,783.5984586685612,0.7367919897660613,1547.8711250034394,264.9640427599611,17.416146897677617,0.0,850,1100,1200,1200,1400,1400,1500,1500,1500,1500,1500
