Type,Name,Request Count,Failure Count,Median Response Time,Average Response Time,Min Response Time,Max Response Time,Average Content Size,Requests/s,Failures/s,50%,66%,75%,80%,90%,95%,98%,99%,99.9%,99.99%,100%
POST,/chat,77,0,1000.0,1026.2337554680478,526.8433340097545,1526.630208012648,332.23376623376623,1.317819753924267,0.0,1000,1100,1200,1300,1500,1500,1500,1500,1500,1500,1500
GET,/health,26,0,3,3.7923477312478306,1.2421670107869431,17.918625002494082,42.0,0.4449780987276746,0.0,4,4,4,4,5,6,18,18,18,18,18
,Aggregated,103,0,910.0,768.1417496315739,1.2421670107869431,1526.630208012648,258.97087378640776,1.7627978526519417,0.0,910,1000,1100,1200,1400,1500,1500,1500,1500,1500,1500
