Type,Name,Request Count,Failure Count,Median Response Time,Average Response Time,Min Response Time,Max Response Time,Average Content Size,Requests/s,Failures/s,50%,66%,75%,80%,90%,95%,98%,99%,99.9%,99.99%,100%
POST,/chat,76,0,1000.0,1037.0453425798348,533.2468330016127,1531.741291997605,348.86842105263156,1.2853174758572468,0.0,1000,1200,1300,1300,1400,1500,1500,1500,1500,1500,1500
GET,/health,25,0,2,2.7390483603812754,0.9169999975711107,12.714458993286826,42.0,0.4228018012688312,0.0,2,3,3,4,5,5,13,13,13,13,13
,Aggregated,101,0,870.0,781.028933119574,0.9169999975711107,1531.741291997605,272.91089108910893,1.708119277126078,0.0,870,1100,1200,1300,1400,1400,1500,1500,1500,1500,1500
