Type,Name,Request Count,Failure Count,Median Response Time,Average Response Time,Min Response Time,Max Response Time,Average Content Size,Requests/s,Failures/s,50%,66%,75%,80%,90%,95%,98%,99%,99.9%,99.99%,100%
POST,/chat,322,0,1000.0,1021.316456016139,513.5870410013013,1539.6709999913583,328.05900621118013,5.440960051636361,0.0,1000,1200,1300,1300,1400,1500,1500,1500,1500,1500,1500
GET,/health,91,0,3,4.036300439370929,0.8995829994091764,33.70099999301601,42.0,1.5376626232885369,0.0,3,3,4,4,5,13,31,34,34,34,34
,Aggregated,413,0,870.0,797.169981058546,0.8995829994091764,1539.6709999913583,265.02905569007265,6.978622674924899,0.0,870,1100,1200,1300,1400,1500,1500,1500,1500,1500,1500
