Type,Name,Request Count,Failure Count,Median Response Time,Average Response Time,Min Response Time,Max Response Time,Average Content Size,Requests/s,Failures/s,50%,66%,75%,80%,90%,95%,98%,99%,99.9%,99.99%,100%
POST,/chat,332,0,1000.0,1011.7609592922367,517.3692499956815,1569.4467919965973,329.3403614457831,5.608448243223353,0.0,1000,1200,1300,1300,1400,1500,1500,1500,1600,1600,1600
GET,/health,78,0,3,5.3972387691968695,0.9086659993045032,28.99183401314076,42.0,1.3176474788295829,0.0,3,4,5,5,15,24,28,29,29,29,29
,Aggregated,410,0,880.0,820.3063978268779,0.9086659993045032,1569.4467919965973,274.6756097560976,6.926095722052935,0.0,890,1100,1200,1300,1400,1500,1500,1500,1600,1600,1600
