Type,Name,Request Count,Failure Count,Median Response Time,Average Response Time,Min Response Time,Max Response Time,Average Content Size,Requests/s,Failures/s,50%,66%,75%,80%,90%,95%,98%,99%,99.9%,99.99%,100%
POST,/chat,327,0,1000.0,1053.9166661411853,541.0713330056751,1576.1976670037257,328.8654434250765,2.744683288236772,0.0,1000,1200,1300,1300,1400,1500,1500,1500,1600,1600,1600
GET,/health,94,0,3,6.371903798742309,1.4606250042561442,54.797624994535,42.0,0.7889915262821302,0.0,3,4,5,6,9,28,38,55,55,55,55
,Aggregated,421,0,900.0,820.0230612476232,1.4606250042561442,1576.1976670037257,264.8147268408551,3.533674814518902,0.0,900,1100,1200,1300,1400,1500,1500,1500,1600,1600,1600
