Type,Name,Request Count,Failure Count,Median Response Time,Average Response Time,Min Response Time,Max Response Time,Average Content Size,Requests/s,Failures/s,50%,66%,75%,80%,90%,95%,98%,99%,99.9%,99.99%,100%
POST,/chat,1608,0,1000.0,1017.9735000060066,512.6434999983758,1577.0284999889554,332.04477611940297,27.19176951517744,0.0,1000,1200,1300,1300,1400,1500,1500,1500,1600,1600,1600
GET,/health,464,0,1,8.843223412284338,0.5219580052653328,212.66829199157655,42.0,7.846381253135779,0.0,2,4,11,13,19,32,83,110,210,210,210
,Aggregated,2072,0,880.0,791.9906581433199,0.5219580052653328,1577.0284999889554,267.0926640926641,35.03815076831322,0.0,880,1100,1200,1300,1400,1500,1500,1500,1600,1600,1600
