Type,Name,Request Count,Failure Count,Median Response Time,Average Response Time,Min Response Time,Max Response Time,Average Content Size,Requests/s,Failures/s,50%,66%,75%,80%,90%,95%,98%,99%,99.9%,99.99%,100%
POST,/chat,1618,0,1000.0,1042.8915345060443,504.83175000408664,1716.746083999169,331.84734239802225,27.43276387778109,0.0,1000,1200,1300,1300,1400,1500,1500,1500,1600,1700,1700
GET,/health,415,0,2,11.530996961463018,0.6480000010924414,268.096665997291,42.0,7.036215704128029,0.0,2,4,11,14,26,45,130,200,270,270,270
,Aggregated,2033,0,930.0,832.3580258582316,0.6480000010924414,1716.746083999169,272.6802754549926,34.46897958190912,0.0,930,1100,1200,1300,1400,1500,1500,1500,1600,1700,1700
